atr_mult,trail_k,ttp_k,min_hold,hyst_k,total_return,annualised_return,annualised_volatility,calc_sharpe,expectancy_after_costs,max_drawdown,trades_count,avg_slippage_bps,maker_fill_ratio,pass
0.001,0.8,1.5,0,0.0,-0.03383214588254635,-0.00035021772149324004,0.0026703867043215753,-0.13114869128372722,9.845212036531374e-06,-0.060789922835724264,897,1.9487374768112642,0.8316610925306578,False
0.001,0.8,1.5,0,0.15,-0.03383214588254635,-0.00035021772149324004,0.0026703867043215753,-0.13114869128372722,9.845212036531374e-06,-0.060789922835724264,897,1.9487374768112642,0.8316610925306578,False
